panel,device_id,data_role,point_index,source_vector_drawing_index,source_marker_drawing_index,hot_side_temperature_k,series_delta_t_k,current_a,delta_t_max_k,qc_w,cop,source_id,source_pdf_page,source_printed_page,source_figure,measurement_uncertainty_status,independent_device_validation_eligible
A,SCI-DTMAX-7P-L6,figure_derived_measured_as_described_in_main_text,1,9,10,303.0005542807815,,,38.49850264773127,,,science_main,4,1059,Figure 4A,not_reported,false
A,SCI-DTMAX-7P-L6,figure_derived_measured_as_described_in_main_text,2,9,11,312.99700012778897,,,40.79707512483358,,,science_main,4,1059,Figure 4A,not_reported,false
A,SCI-DTMAX-7P-L6,figure_derived_measured_as_described_in_main_text,3,9,12,322.9942846467777,,,43.19665282993094,,,science_main,4,1059,Figure 4A,not_reported,false
A,SCI-DTMAX-7P-L6,figure_derived_measured_as_described_in_main_text,4,9,13,333.0070321804215,,,45.603808059068,,,science_main,4,1059,Figure 4A,not_reported,false
A,SCI-DTMAX-7P-L6,figure_derived_measured_as_described_in_main_text,5,9,14,343.00431669941025,,,48.10357476368674,,,science_main,4,1059,Figure 4A,not_reported,false
A,SCI-DTMAX-7P-L6,figure_derived_measured_as_described_in_main_text,6,9,15,353.0007625464177,,,50.60374349128506,,,science_main,4,1059,Figure 4A,not_reported,false
A,SCI-DTMAX-7P-L6,figure_derived_measured_as_described_in_main_text,7,9,16,362.9980470654064,,,53.10391221888338,,,science_main,4,1059,Figure 4A,not_reported,false
B,SCI-QC-7P-L0p4,figure_derived_measured_as_described_in_main_text,1,60,83,300.0,0.0,0.2998653437215921,,0.03923751005489606,,science_main,4,1059,Figure 4B,not_reported,false
B,SCI-QC-7P-L0p4,figure_derived_measured_as_described_in_main_text,2,60,82,300.0,0.0,0.40011079975614905,,0.08043722013970012,,science_main,4,1059,Figure 4B,not_reported,false
B,SCI-QC-7P-L0p4,figure_derived_measured_as_described_in_main_text,3,60,81,300.0,0.0,0.5001341409213751,,0.10938942139154051,,science_main,4,1059,Figure 4B,not_reported,false
B,SCI-QC-7P-L0p4,figure_derived_measured_as_described_in_main_text,4,60,80,300.0,0.0,1.0013972460731253,,0.31985165275364125,,science_main,4,1059,Figure 4B,not_reported,false
B,SCI-QC-7P-L0p4,figure_derived_measured_as_described_in_main_text,5,60,79,300.0,0.0,1.9987503294195221,,0.7099981582673394,,science_main,4,1059,Figure 4B,not_reported,false
B,SCI-QC-7P-L0p4,figure_derived_measured_as_described_in_main_text,6,60,78,300.0,0.0,3.0008036500011883,,1.1001479124571318,,science_main,4,1059,Figure 4B,not_reported,false
B,SCI-QC-7P-L0p4,figure_derived_measured_as_described_in_main_text,7,60,77,300.0,0.0,3.9983931782085023,,1.4695386264764494,,science_main,4,1059,Figure 4B,not_reported,false
B,SCI-QC-7P-L0p4,figure_derived_measured_as_described_in_main_text,8,60,76,300.0,0.0,5.0004464987901684,,1.839033298130417,,science_main,4,1059,Figure 4B,not_reported,false
B,SCI-QC-7P-L0p4,figure_derived_measured_as_described_in_main_text,9,60,75,300.0,0.0,5.998036026997482,,2.1899033098004637,,science_main,4,1059,Figure 4B,not_reported,false
B,SCI-QC-7P-L0p4,figure_derived_measured_as_described_in_main_text,10,60,74,300.0,0.0,7.000089347579163,,2.5201182389346926,,science_main,4,1059,Figure 4B,not_reported,false
B,SCI-QC-7P-L0p4,figure_derived_measured_as_described_in_main_text,11,60,73,300.0,0.0,7.997678875786477,,2.860660709336827,,science_main,4,1059,Figure 4B,not_reported,false
B,SCI-QC-7P-L0p4,figure_derived_measured_as_described_in_main_text,12,60,72,300.0,0.0,8.999732196368143,,3.170223804611325,,science_main,4,1059,Figure 4B,not_reported,false
B,SCI-QC-7P-L0p4,figure_derived_measured_as_described_in_main_text,13,60,71,300.0,0.0,10.001785516949809,,3.5108734813241966,,science_main,4,1059,Figure 4B,not_reported,false
B,SCI-QC-7P-L0p4,figure_derived_measured_as_described_in_main_text,14,60,70,300.0,0.0,10.999375045157123,,3.770829292811044,,science_main,4,1059,Figure 4B,not_reported,false
B,SCI-QC-7P-L0p4,figure_derived_measured_as_described_in_main_text,15,60,69,300.0,0.0,12.00142836573879,,4.090827135664185,,science_main,4,1059,Figure 4B,not_reported,false
B,SCI-QC-7P-L0p4,figure_derived_measured_as_described_in_main_text,16,60,68,300.0,0.0,12.999017893946117,,4.369414104487127,,science_main,4,1059,Figure 4B,not_reported,false
B,SCI-QC-7P-L0p4,figure_derived_measured_as_described_in_main_text,17,60,67,300.0,0.0,14.00106404953199,,4.629477122284712,,science_main,4,1059,Figure 4B,not_reported,false
B,SCI-QC-7P-L0p4,figure_derived_measured_as_described_in_main_text,18,60,66,300.0,0.0,14.998660742735098,,4.920519515209932,,science_main,4,1059,Figure 4B,not_reported,false
B,SCI-QC-7P-L0p4,figure_derived_measured_as_described_in_main_text,19,60,65,300.0,0.0,16.000714063316764,,5.139278865288055,,science_main,4,1059,Figure 4B,not_reported,false
B,SCI-QC-7P-L0p4,figure_derived_measured_as_described_in_main_text,20,60,64,300.0,0.0,17.00276738389843,,5.389017590493815,,science_main,4,1059,Figure 4B,not_reported,false
B,SCI-QC-7P-L0p4,figure_derived_measured_as_described_in_main_text,21,60,63,300.0,0.0,18.000349747109965,,5.6099048234063105,,science_main,4,1059,Figure 4B,not_reported,false
B,SCI-QC-7P-L0p4,figure_derived_measured_as_described_in_main_text,22,60,62,300.0,0.0,19.00240306769163,,5.760536187347505,,science_main,4,1059,Figure 4B,not_reported,false
B,SCI-QC-7P-L0p4,figure_derived_measured_as_described_in_main_text,23,60,61,300.0,0.0,19.999999760894738,,5.950447293808445,,science_main,4,1059,Figure 4B,not_reported,false
B,SCI-QC-7P-L0p4,figure_derived_measured_as_described_in_main_text,1,84,102,300.0,5.0,3.0008036500011883,,0.13005100127951863,,science_main,4,1059,Figure 4B,not_reported,false
B,SCI-QC-7P-L0p4,figure_derived_measured_as_described_in_main_text,2,84,101,300.0,5.0,3.9983931782085023,,0.5097692565667415,,science_main,4,1059,Figure 4B,not_reported,false
B,SCI-QC-7P-L0p4,figure_derived_measured_as_described_in_main_text,3,84,100,300.0,5.0,5.0004464987901684,,0.8709635608286135,,science_main,4,1059,Figure 4B,not_reported,false
B,SCI-QC-7P-L0p4,figure_derived_measured_as_described_in_main_text,4,84,99,300.0,5.0,5.998036026997482,,1.2198063986228505,,science_main,4,1059,Figure 4B,not_reported,false
B,SCI-QC-7P-L0p4,figure_derived_measured_as_described_in_main_text,5,84,98,300.0,5.0,7.000089347579163,,1.5396970351652541,,science_main,4,1059,Figure 4B,not_reported,false
B,SCI-QC-7P-L0p4,figure_derived_measured_as_described_in_main_text,6,84,97,300.0,5.0,7.997678875786477,,1.869911964299483,,science_main,4,1059,Figure 4B,not_reported,false
B,SCI-QC-7P-L0p4,figure_derived_measured_as_described_in_main_text,7,84,96,300.0,5.0,8.999732196368143,,2.1692579732928934,,science_main,4,1059,Figure 4B,not_reported,false
B,SCI-QC-7P-L0p4,figure_derived_measured_as_described_in_main_text,8,84,95,300.0,5.0,10.001785516949809,,2.489148609835297,,science_main,4,1059,Figure 4B,not_reported,false
B,SCI-QC-7P-L0p4,figure_derived_measured_as_described_in_main_text,9,84,94,300.0,5.0,10.999375045157123,,2.7905152953523498,,science_main,4,1059,Figure 4B,not_reported,false
B,SCI-QC-7P-L0p4,figure_derived_measured_as_described_in_main_text,10,84,93,300.0,5.0,12.00142836573879,,3.050578313149934,,science_main,4,1059,Figure 4B,not_reported,false
B,SCI-QC-7P-L0p4,figure_derived_measured_as_described_in_main_text,11,84,92,300.0,5.0,12.999017893946117,,3.3601446571005127,,science_main,4,1059,Figure 4B,not_reported,false
B,SCI-QC-7P-L0p4,figure_derived_measured_as_described_in_main_text,12,84,91,300.0,5.0,14.00106404953199,,3.5995558410383666,,science_main,4,1059,Figure 4B,not_reported,false
B,SCI-QC-7P-L0p4,figure_derived_measured_as_described_in_main_text,13,84,90,300.0,5.0,14.998660742735098,,3.8389670249762133,,science_main,4,1059,Figure 4B,not_reported,false
B,SCI-QC-7P-L0p4,figure_derived_measured_as_described_in_main_text,14,84,89,300.0,5.0,16.000714063316764,,4.099030042773798,,science_main,4,1059,Figure 4B,not_reported,false
B,SCI-QC-7P-L0p4,figure_derived_measured_as_described_in_main_text,15,84,88,300.0,5.0,17.00276738389843,,4.340572358222111,,science_main,4,1059,Figure 4B,not_reported,false
B,SCI-QC-7P-L0p4,figure_derived_measured_as_described_in_main_text,16,84,87,300.0,5.0,18.000349747109965,,4.56965924956814,,science_main,4,1059,Figure 4B,not_reported,false
B,SCI-QC-7P-L0p4,figure_derived_measured_as_described_in_main_text,17,84,86,300.0,5.0,19.00240306769163,,4.7306149061011595,,science_main,4,1059,Figure 4B,not_reported,false
B,SCI-QC-7P-L0p4,figure_derived_measured_as_described_in_main_text,18,84,85,300.0,5.0,19.999999760894738,,4.899874178702369,,science_main,4,1059,Figure 4B,not_reported,false
B,SCI-QC-7P-L0p4,figure_derived_measured_as_described_in_main_text,1,103,118,300.0,10.0,5.998036026997482,,0.28070510595329523,,science_main,4,1059,Figure 4B,not_reported,false
B,SCI-QC-7P-L0p4,figure_derived_measured_as_described_in_main_text,2,103,117,300.0,10.0,7.000089347579163,,0.5592920747762378,,science_main,4,1059,Figure 4B,not_reported,false
B,SCI-QC-7P-L0p4,figure_derived_measured_as_described_in_main_text,3,103,116,300.0,10.0,7.997678875786477,,0.8709863015611958,,science_main,4,1059,Figure 4B,not_reported,false
B,SCI-QC-7P-L0p4,figure_derived_measured_as_described_in_main_text,4,103,115,300.0,10.0,8.999732196368143,,1.1991805541717824,,science_main,4,1059,Figure 4B,not_reported,false
B,SCI-QC-7P-L0p4,figure_derived_measured_as_described_in_main_text,5,103,114,300.0,10.0,10.001785516949809,,1.4902196984209226,,science_main,4,1059,Figure 4B,not_reported,false
B,SCI-QC-7P-L0p4,figure_derived_measured_as_described_in_main_text,6,103,113,300.0,10.0,10.999375045157123,,1.7791342085117705,,science_main,4,1059,Figure 4B,not_reported,false
B,SCI-QC-7P-L0p4,figure_derived_measured_as_described_in_main_text,7,103,112,300.0,10.0,12.00142836573879,,2.0598490601690855,,science_main,4,1059,Figure 4B,not_reported,false
B,SCI-QC-7P-L0p4,figure_derived_measured_as_described_in_main_text,8,103,111,300.0,10.0,12.999017893946117,,2.3405639118264077,,science_main,4,1059,Figure 4B,not_reported,false
B,SCI-QC-7P-L0p4,figure_derived_measured_as_described_in_main_text,9,103,110,300.0,10.0,14.00106404953199,,2.600626929623992,,science_main,4,1059,Figure 4B,not_reported,false
B,SCI-QC-7P-L0p4,figure_derived_measured_as_described_in_main_text,10,103,109,300.0,10.0,14.998660742735098,,2.840041362237926,,science_main,4,1059,Figure 4B,not_reported,false
B,SCI-QC-7P-L0p4,figure_derived_measured_as_described_in_main_text,11,103,108,300.0,10.0,16.000714063316764,,3.07945254617578,,science_main,4,1059,Figure 4B,not_reported,false
B,SCI-QC-7P-L0p4,figure_derived_measured_as_described_in_main_text,12,103,107,300.0,10.0,17.00276738389843,,3.2900154864964506,,science_main,4,1059,Figure 4B,not_reported,false
B,SCI-QC-7P-L0p4,figure_derived_measured_as_described_in_main_text,13,103,106,300.0,10.0,18.000349747109965,,3.500471220506384,,science_main,4,1059,Figure 4B,not_reported,false
B,SCI-QC-7P-L0p4,figure_derived_measured_as_described_in_main_text,14,103,105,300.0,10.0,19.00240306769163,,3.6800580343754987,,science_main,4,1059,Figure 4B,not_reported,false
B,SCI-QC-7P-L0p4,figure_derived_measured_as_described_in_main_text,15,103,104,300.0,10.0,19.999999760894738,,3.849317306976708,,science_main,4,1059,Figure 4B,not_reported,false
D,SCI-COP-ULTRATHIN,figure_derived_estimated_in_main_text,1,165,165,300.0,0.1,0.4997517488119314,,,21.439698137767152,science_main,4,1059,Figure 4D,not_reported,false
D,SCI-COP-ULTRATHIN,figure_derived_estimated_in_main_text,2,164,164,300.0,0.1,1.0001968682711961,,,15.76162177423302,science_main,4,1059,Figure 4D,not_reported,false
D,SCI-COP-ULTRATHIN,figure_derived_estimated_in_main_text,3,163,163,300.0,0.1,1.9992564413866134,,,9.445834983551151,science_main,4,1059,Figure 4D,not_reported,false
D,SCI-COP-ULTRATHIN,figure_derived_estimated_in_main_text,4,162,162,300.0,0.1,3.0001867111826854,,,6.424267793914083,science_main,4,1059,Figure 4D,not_reported,false
D,SCI-COP-ULTRATHIN,figure_derived_estimated_in_main_text,5,161,161,300.0,0.1,3.999255843910653,,,4.901020324138216,science_main,4,1059,Figure 4D,not_reported,false
D,SCI-COP-ULTRATHIN,figure_derived_estimated_in_main_text,6,160,160,300.0,0.1,5.000186113706725,,,3.8607916335023162,science_main,4,1059,Figure 4D,not_reported,false
D,SCI-COP-ULTRATHIN,figure_derived_estimated_in_main_text,7,159,159,300.0,0.1,5.999245388084255,,,3.161026519804352,science_main,4,1059,Figure 4D,not_reported,false
D,SCI-COP-ULTRATHIN,figure_derived_estimated_in_main_text,8,158,158,300.0,0.1,7.000188204871797,,,2.7524263088381815,science_main,4,1059,Figure 4D,not_reported,false
D,SCI-COP-ULTRATHIN,figure_derived_estimated_in_main_text,9,157,157,300.0,0.1,7.999238218374664,,,2.387050667214453,science_main,4,1059,Figure 4D,not_reported,false
